5901012061,鴻盛藥局,藥師自營,   -,,臺北業務組,藥局,,,2017/10/24,,
5901012105,正昇藥師藥局,藥師自營,   -,,臺北業務組,藥局,,,2018/01/31,,
5901012141,欣生藥局,藥劑生自營,   -,,臺北業務組,藥局,,,2019/04/01,,
5901012196,立圓藥局,藥師自營,   -,,臺北業務組,藥局,,,2019/11/12,,
5901012294,上典藥局,藥師自營,   -,,臺北業務組,藥局,,,2020/01/16,,
5901012589,康珆和藥師藥局,藥師自營,   -,,臺北業務組,藥局,,,2017/12/15,,
5901012927,尚賀藥局,藥劑生自營,   -,,臺北業務組,藥局,,,2019/05/31,,
5901013040,又又藥局,藥師自營,   -,,臺北業務組,藥局,,,2019/05/31,,
5901013059,松山八德藥局,藥師自營,   -,,臺北業務組,藥局,,,2018/09/12,,
5901013068,松山民生藥局,藥師自營,   -,,臺北業務組,藥局,,,2017/09/07,,
5901013086,啄木鳥藥局,藥師自營,   -,,臺北業務組,藥局,,,2017/09/20,,
5901013184,富景藥局,藥師自營,   -,,臺北業務組,藥局,,,2017/05/15,,
5901013193,新德大藥局,藥師自營,   -,,臺北業務組,藥局,,,2018/11/06,,
5901013219,延壽盛康藥局,藥師自營,   -,,臺北業務組,藥局,,,2017/05/02,,
5901013228,美德延康藥局,藥師自營,   -,,臺北業務組,藥局,,,2017/06/01,,
5901013237,延吉達康美得藥局,藥師自營,   -,,臺北業務組,藥局,,,2017/06/06,,
5901013255,綠杏三民藥局,藥師自營,   -,,臺北業務組,藥局,,,2018/12/20,,
5901013273,立赫民生藥局,藥師自營,   -,,臺北業務組,藥局,,,2018/05/04,,
5901013282,美優康藥局,藥師自營,   -,,臺北業務組,藥局,,,2018/04/18,,
5901013291,杏一台北長庚藥局,藥師自營,   -,,臺北業務組,藥局,,,2019/04/30,,
5901013335,杏一延吉藥局,藥師自營,   -,,臺北業務組,藥局,,,2018/08/17,,
5901013353,大樹松山藥局,藥師自營,   -,,臺北業務組,藥局,,,2018/05/08,,
5901013415,立赫民生藥局,藥師自營,   -,,臺北業務組,藥局,,,2019/05/31,,
5901013424,大樹松山藥局,藥師自營,   -,,臺北業務組,藥局,,,2019/03/19,,
5901013479,大樹松山藥局,藥師自營,   -,,臺北業務組,藥局,,,2019/08/20,,
5901020367,吳順安藥局,藥師自營,   -,,臺北業務組,藥局,,,2019/02/25,,
5901020812,徐榮三藥局,藥劑生自營,   -,,臺北業務組,藥局,,,2017/01/31,,
5901023715,博興藥局,藥師自營,   -,,臺北業務組,藥局,,,2018/12/10,,
5901023975,大安健康人生藥局,藥師自營,   -,,臺北業務組,藥局,,,2017/05/01,,
5901024016,麗泰藥局,藥劑生自營,   -,,臺北業務組,藥局,,,2017/10/16,,
5901024169,威康藥局,藥師自營,   -,,臺北業務組,藥局,,,2018/12/24,,
5901024365,早安藥局,藥師自營,   -,,臺北業務組,藥局,,,2017/09/30,,
5901024418,太醫藥局,藥師自營,   -,,臺北業務組,藥局,,,2019/11/11,,
5901024436,躍獅敦和藥局,藥師自營,   -,,臺北業務組,藥局,,,2019/10/20,,
5901024507,躍獅和樂藥局,藥師自營,   -,,臺北業務組,藥局,,,2017/01/10,,
5901024552,博昱大藥局,藥師自營,   -,,臺北業務組,藥局,,,2017/05/11,,
5901024561,家康藥局,藥師自營,   -,,臺北業務組,藥局,,,2017/04/17,,
5901024570,千誠國泰藥局,藥師自營,   -,,臺北業務組,藥局,,,2017/02/06,,
5901024589,杏ㄧ樂業藥局,藥師自營,   -,,臺北業務組,藥局,,,2018/06/04,,
5901024598,大安仁愛藥局,藥師自營,   -,,臺北業務組,藥局,,,2018/01/04,,
5901024605,吾家藥局,藥師自營,   -,,臺北業務組,藥局,,,2017/08/02,,
5901024623,康祥藥局,藥師自營,   -,,臺北業務組,藥局,,,2019/11/30,,
5901024730,大安仁愛藥局,藥師自營,   -,,臺北業務組,藥局,,,2019/08/07,,
5901024749,高特敦南藥局,藥師自營,   -,,臺北業務組,藥局,,,2018/08/15,,
5901024776,高特敦南藥局,藥師自營,   -,,臺北業務組,藥局,,,2019/12/16,,
5901024785,沛林東區生活藥粧藥局,藥師自營,   -,,臺北業務組,藥局,,,2019/06/27,,
5901024794,回復點藥局,藥師自營,   -,,臺北業務組,藥局,,,2019/12/18,,
5901103156,杏一龍錦藥局,藥師自營,   -,,臺北業務組,藥局,,,2018/05/31,,
5901103165,美康正康藥局,藥師自營,   -,,臺北業務組,藥局,,,2017/01/19,,
5901103218,永安藥局,藥劑生自營,   -,,臺北業務組,藥局,,,2017/08/17,,
5901103245,農安盛康藥局,藥師自營,   -,,臺北業務組,藥局,,,2017/06/19,,
5901103263,錦州春天生活藥局,藥師自營,   -,,臺北業務組,藥局,,,2017/07/03,,
5901103307,躍獅北安藥局,藥師自營,   -,,臺北業務組,藥局,,,2017/01/26,,
5901103316,聖晨藥局,藥師自營,   -,,臺北業務組,藥局,,,2018/03/31,,
5901011868,美優康藥局,藥師自營,   -,,臺北業務組,藥局,,,2017/02/16,,
5901022692,欣平藥局,藥劑生自營,   -,,臺北業務組,藥局,,,2018/07/27,,
5901022718,百岳藥局,藥劑生自營,   -,,臺北業務組,藥局,,,2017/01/25,,
5901024847,沛林東區生活藥粧藥局,藥師自營,   -,,臺北業務組,藥局,,,2019/08/28,,
5901103049,大樹龍江藥局,藥師自營,   -,,臺北業務組,藥局,,,2019/01/03,,
5901103085,康健連鎖藥局,藥師自營,   -,,臺北業務組,藥局,,,2019/01/24,,
5901103129,農安藥局,藥師自營,   -,,臺北業務組,藥局,,,2017/06/07,,
5901120111,勝安藥局,藥師自營,   -,,臺北業務組,藥局,,,2017/12/31,,
5901010021,百祥藥局,藥師自營,   -,,臺北業務組,藥局,,,2018/03/27,,
5901010156,國聖堂藥局,藥師自營,   -,,臺北業務組,藥局,,,2019/04/24,,
5901091615,延平新聖安藥局,藥師自營,   -,,臺北業務組,藥局,,,2017/06/30,,
5901091704,中興聯合藥局,藥師自營,   -,,臺北業務組,藥局,,,2019/10/09,,
5901091731,旭豐藥局,藥師自營,   -,,臺北業務組,藥局,,,2018/04/30,,
5901091795,遠東藥局,藥師自營,   -,,臺北業務組,藥局,,,2018/08/13,,
5901091928,酒泉春天藥局,藥師自營,   -,,臺北業務組,藥局,,,2018/03/22,,
5901091937,大同民生藥局,藥師自營,   -,,臺北業務組,藥局,,,2017/09/04,,
5901091946,德芳藥局,藥師自營,   -,,臺北業務組,藥局,,,2017/11/15,,
5901091964,健鑫藥局,藥師自營,   -,,臺北業務組,藥局,,,2017/04/28,,
5901091982,大同民生藥局,藥師自營,   -,,臺北業務組,藥局,,,2020/01/02,,
5901092005,酒泉春天藥局,藥師自營,   -,,臺北業務組,藥局,,,2018/09/04,,
5901092023,躍獅遠東藥局,藥師自營,   -,,臺北業務組,藥局,,,2019/11/25,,
5901092032,酒泉春天藥局,藥師自營,   -,,臺北業務組,藥局,,,2018/10/30,,
5901100780,第一藥局,藥師自營,   -,,臺北業務組,藥局,,,2017/10/31,,
5901101410,東東藥局,藥師自營,   -,,臺北業務組,藥局,,,2018/03/08,,
5901102051,隆盛藥局,藥師自營,   -,,臺北業務組,藥局,,,2019/06/03,,
5901102391,安悅藥局,藥師自營,   -,,臺北業務組,藥局,,,2020/01/08,,
5901103361,農安藥局,藥師自營,   -,,臺北業務組,藥局,,,2017/11/22,,
5901103389,農安盛康藥局,藥師自營,   -,,臺北業務組,藥局,,,2019/02/18,,
5901103398,錦州春天生活藥局,藥師自營,   -,,臺北業務組,藥局,,,2018/04/26,,
5901103441,康廷藥局,藥劑生自營,   -,,臺北業務組,藥局,,,2018/03/30,,
5901103478,康廷藥局,藥師自營,   -,,臺北業務組,藥局,,,2019/04/08,,
5901103503,全聯藥安康藥局,藥師自營,   -,,臺北業務組,藥局,,,2019/04/25,,
5901110053,晶龍藥局,藥師自營,   -,,臺北業務組,藥局,,,2018/03/28,,
5901110428,嘉德藥局,藥師自營,   -,,臺北業務組,藥局,,,2019/02/14,,
5901110697,民安藥局,藥師自營,   -,,臺北業務組,藥局,,,2017/09/08,,
5901112575,安安藥局,藥師自營,   -,,臺北業務組,藥局,,,2019/04/19,,
5901113134,原大藥局,藥師自營,   -,,臺北業務組,藥局,,,2017/06/02,,
5901113161,和康健保藥局,藥師自營,   -,,臺北業務組,藥局,,,2019/09/09,,
5901113170,松達藥師藥局,藥師自營,   -,,臺北業務組,藥局,,,2019/01/16,,
5901113278,杏一港墘藥局,藥師自營,   -,,臺北業務組,藥局,,,2018/06/12,,
5901113287,富康文德藥局,藥師自營,   -,,臺北業務組,藥局,,,2017/02/09,,
5901113321,躍獅麗湖藥局,藥師自營,   -,,臺北業務組,藥局,,,2017/03/06,,
5901113358,葫光藥局,藥師自營,   -,,臺北業務組,藥局,,,2019/09/09,,
5901113410,原大藥局,藥師自營,   -,,臺北業務組,藥局,,,2019/07/29,,
5901113429,良曜藥局,藥師自營,   -,,臺北業務組,藥局,,,2018/05/17,,
5901113447,杏一港墘藥局,藥師自營,   -,,臺北業務組,藥局,,,2018/09/04,,
5901113465,杏一港墘藥局,藥師自營,   -,,臺北業務組,藥局,,,2019/05/27,,
5901113483,麗仕薇達藥局,藥師自營,   -,,臺北業務組,藥局,,,2019/12/17,,
5901121690,可可藥局,藥師自營,   -,,臺北業務組,藥局,,,2018/04/16,,
5901121707,仁愛藥局,藥師自營,   -,,臺北業務組,藥局,,,2018/07/03,,
5901121921,美德中坡藥局,藥師自營,   -,,臺北業務組,藥局,,,2017/03/29,,
5901121949,杏安藥局,藥師自營,   -,,臺北業務組,藥局,,,2017/08/08,,
5901121967,美德中坡藥局,藥師自營,   -,,臺北業務組,藥局,,,2018/02/12,,
5901121994,杏一中坡藥局,藥師自營,   -,,臺北業務組,藥局,,,2019/01/08,,
5901122017,成福大藥局,藥師自營,   -,,臺北業務組,藥局,,,2019/02/13,,
5901150075,上好藥局,藥劑生自營,   -,,臺北業務組,藥局,,,2017/04/19,,
5901150100,景正藥師中西藥局,藥師自營,   -,,臺北業務組,藥局,,,2017/02/28,,
5901150388,詹有田藥局,藥劑生自營,   -,,臺北業務組,藥局,,,2017/07/21,,
5901153021,嘉家藥局,藥師自營,   -,,臺北業務組,藥局,,,2017/04/24,,
5901153067,維爾健康藥局,藥師自營,   -,,臺北業務組,藥局,,,2019/03/28,,
5901153307,康佑藥局,藥師自營,   -,,臺北業務組,藥局,,,2017/07/06,,
5901153361,天母盛康藥局,藥師自營,   -,,臺北業務組,藥局,,,2017/03/07,,
5901153398,順儷天母藥局,藥師自營,   -,,臺北業務組,藥局,,,2017/04/28,,
5901153601,藥本家藥局,藥師自營,   -,,臺北業務組,藥局,,,2018/12/03,,
5901153629,天母盛康藥局,藥師自營,   -,,臺北業務組,藥局,,,2019/03/25,,
5901153647,前港盛康藥局,藥劑生自營,   -,,臺北業務組,藥局,,,2017/11/08,,
5901153692,前港盛康藥局,藥師自營,   -,,臺北業務組,藥局,,,2018/06/12,,
5901153718,杏一天母藥局,藥師自營,   -,,臺北業務組,藥局,,,2018/05/31,,
5901153736,中山盛康藥局,藥師自營,   -,,臺北業務組,藥局,,,2019/01/07,,
5901153754,新光維康藥局,藥師自營,   -,,臺北業務組,藥局,,,2019/07/15,,
5901153763,中山盛康藥局,藥師自營,   -,,臺北業務組,藥局,,,2019/04/01,,
5901153772,全聯天母中山北藥局,藥師自營,   -,,臺北業務組,藥局,,,2019/04/24,,
5901153843,新光維康藥局,藥師自營,   -,,臺北業務組,藥局,,,2019/12/04,,
5901160179,萬信藥局,藥劑生自營,   -,,臺北業務組,藥局,,,2018/02/07,,
5901160606,福海大藥局,藥劑生自營,   -,,臺北業務組,藥局,,,2017/10/13,,
5901162422,尊賢藥局,藥師自營,   -,,臺北業務組,藥局,,,2018/08/20,,
5901162735,吉利春天生活藥局,藥師自營,   -,,臺北業務組,藥局,,,2018/05/07,,
5901162753,全家藥粧藥局,藥劑生自營,   -,,臺北業務組,藥局,,,2018/05/03,,
5901162762,昱仁藥局,藥師自營,   -,,臺北業務組,藥局,,,2017/03/28,,
5901162851,天禧大藥局,藥師自營,   -,,臺北業務組,藥局,,,2017/08/16,,
5901162959,振生大藥局,藥師自營,   -,,臺北業務組,藥局,,,2019/04/09,,
5901163018,致遠春天藥局,藥師自營,   -,,臺北業務組,藥局,,,2018/05/24,,
5901163072,北投春天藥局,藥師自營,   -,,臺北業務組,藥局,,,2018/05/03,,
5901163143,天賀大藥局,藥劑生自營,   -,,臺北業務組,藥局,,,2017/06/26,,
5901163161,關渡松藥局,藥師自營,   -,,臺北業務組,藥局,,,2017/04/13,,
5901163189,躍獅振榮藥局,藥師自營,   -,,臺北業務組,藥局,,,2017/03/22,,
5901163205,致遠盛康藥局,藥劑生自營,   -,,臺北業務組,藥局,,,2017/03/23,,
5901163223,生活藥局,藥師自營,   -,,臺北業務組,藥局,,,2020/01/07,,
5901163232,致遠盛康藥局,藥師自營,   -,,臺北業務組,藥局,,,2018/08/13,,
5901163278,杏一北榮藥局,藥師自營,   -,,臺北業務組,藥局,,,2018/02/26,,
5901163287,天富大藥局,藥師自營,   -,,臺北業務組,藥局,,,2017/08/31,,
5901163303,天富大藥局,藥師自營,   -,,臺北業務組,藥局,,,2019/02/26,,
5901163349,鈊闔安中西藥局,藥師自營,   -,,臺北業務組,藥局,,,2019/01/15,,
5901163358,杏一北榮藥局,藥師自營,   -,,臺北業務組,藥局,,,2018/05/28,,
5901163367,全家藥粧藥局,藥師自營,   -,,臺北業務組,藥局,,,2019/07/15,,
5901163385,吉利春天生活藥局,藥師自營,   -,,臺北業務組,藥局,,,2019/03/18,,
5901163401,致遠盛康藥局,藥師自營,   -,,臺北業務組,藥局,,,2018/10/23,,
5901170371,仁康藥局,藥師自營,   -,,臺北業務組,藥局,,,2018/10/31,,
5901172044,信義健康藥局,藥劑生自營,   -,,臺北業務組,藥局,,,2017/07/03,,
5901172713,芳鄰藥局,藥師自營,   -,,臺北業務組,藥局,,,2018/12/31,,
5901172731,新新藥局,藥劑生自營,   -,,臺北業務組,藥局,,,2017/12/06,,
5901172768,洪暘藥局,藥師自營,   -,,臺北業務組,藥局,,,2018/09/30,,
5901172795,東海藥局,藥師自營,   -,,臺北業務組,藥局,,,2018/09/06,,
5901173256,吉登藥局,藥師自營,   -,,臺北業務組,藥局,,,2018/12/19,,
5901173265,詠悅藥局,藥師自營,   -,,臺北業務組,藥局,,,2018/01/18,,
5901173274,興雅藥局,藥師自營,   -,,臺北業務組,藥局,,,2019/02/19,,
5901173327,北一健康人生藥局,藥師自營,   -,,臺北業務組,藥局,,,2019/05/21,,
5901173425,康健信安藥局,藥師自營,   -,,臺北業務組,藥局,,,2019/01/01,,
5901173452,信義盛康藥局,藥師自營,   -,,臺北業務組,藥局,,,2017/02/22,,
5901173470,美德永春藥局,藥師自營,   -,,臺北業務組,藥局,,,2017/04/25,,
5901173489,松德盛康藥局,藥師自營,   -,,臺北業務組,藥局,,,2017/05/02,,
5901173505,長青世貿藥局,藥師自營,   -,,臺北業務組,藥局,,,2019/08/14,,
5901173514,杏一光復藥局,藥師自營,   -,,臺北業務組,藥局,,,2018/03/06,,
5901173532,信義盛康藥局,藥師自營,   -,,臺北業務組,藥局,,,2018/01/07,,
5901173550,杏一永春藥局,藥師自營,   -,,臺北業務組,藥局,,,2018/05/25,,
5901173569,松德盛康藥局,藥師自營,   -,,臺北業務組,藥局,,,2017/10/16,,
5901173578,松德盛康藥局,藥師自營,   -,,臺北業務組,藥局,,,2018/01/09,,
5901173596,愛維喜藥局,藥師自營,   -,,臺北業務組,藥局,,,2019/09/04,,
5901173612,信義盛康藥局,藥師自營,   -,,臺北業務組,藥局,,,2018/04/08,,
5901173621,詠悅藥局,藥師自營,   -,,臺北業務組,藥局,,,2019/08/01,,
5901173630,杏一光復藥局,藥師自營,   -,,臺北業務組,藥局,,,2018/09/06,,
5901173649,信義盛康藥局,藥師自營,   -,,臺北業務組,藥局,,,2019/03/08,,
5901173667,壹間藥師藥局,藥師自營,   -,,臺北業務組,藥局,,,2018/11/30,,
5901193007,躍獅中華藥局,藥師自營,   -,,臺北業務組,藥局,,,2017/04/12,,
5901193016,安奕藥局,藥師自營,   -,,臺北業務組,藥局,,,2017/11/06,,
5901193034,光華藥局,藥劑生自營,   -,,臺北業務組,藥局,,,2017/10/24,,
5901193043,展源健康藥局,藥師自營,   -,,臺北業務組,藥局,,,2017/10/12,,
5901193052,千誠北護藥局,藥師自營,   -,,臺北業務組,藥局,,,2017/12/01,,
5901193061,日森人文藥局,藥師自營,   -,,臺北業務組,藥局,,,2018/02/23,,
5901193089,富安藥局,藥師自營,   -,,臺北業務組,藥局,,,2018/07/12,,
5901193098,展源健康藥局,藥師自營,   -,,臺北業務組,藥局,,,2018/06/07,,
5901193114,光華藥局,藥劑生自營,   -,,臺北業務組,藥局,,,2019/10/31,,
5901193141,路易藥局,藥師自營,   -,,臺北業務組,藥局,,,2018/12/06,,
5901193203,育恩藥局,藥師自營,   -,,臺北業務組,藥局,,,2019/03/06,,
5901193212,活力健康藥局,藥師自營,   -,,臺北業務組,藥局,,,2019/12/30,,
5901200392,三和藥局,藥劑生自營,   -,,臺北業務組,藥局,,,2017/03/09,,
5901201611,萬芳藥局,藥師自營,   -,,臺北業務組,藥局,,,2018/10/16,,
5901202001,和康藥局,藥師自營,   -,,臺北業務組,藥局,,,2019/01/31,,
5901202485,木柵達康美得藥局,藥師自營,   -,,臺北業務組,藥局,,,2017/04/05,,
5901202510,１２３健康藥局,藥師自營,   -,,臺北業務組,藥局,,,2017/09/04,,
5901202690,政大康承健保藥局,藥師自營,   -,,臺北業務組,藥局,,,2019/06/30,,
5901202761,健安藥局,藥師自營,   -,,臺北業務組,藥局,,,2018/04/09,,
5901202930,躍獅新芳藥局,藥師自營,   -,,臺北業務組,藥局,,,2019/01/17,,
5901202985,景華盛康藥局,藥師自營,   -,,臺北業務組,藥局,,,2017/03/07,,
5901203008,康宜庭興隆藥局,藥師自營,   -,,臺北業務組,藥局,,,2019/05/29,,
5901203017,躍獅景新藥局,藥師自營,   -,,臺北業務組,藥局,,,2019/01/22,,
5901203035,躍獅木柵藥局,藥師自營,   -,,臺北業務組,藥局,,,2019/05/22,,
5901203053,忠成喜康藥局,藥師自營,   -,,臺北業務組,藥局,,,2017/03/30,,
5901203115,大樹景美藥局,藥師自營,   -,,臺北業務組,藥局,,,2018/06/11,,
5901203133,健安藥局,藥師自營,   -,,臺北業務組,藥局,,,2018/09/02,,
5901203142,大樹景美藥局,藥師自營,   -,,臺北業務組,藥局,,,2019/05/30,,
5901203151,大樹木柵藥局,藥師自營,   -,,臺北業務組,藥局,,,2019/09/06,,
5901203197,萬芳藥局,藥師自營,   -,,臺北業務組,藥局,,,2018/12/28,,
5901203231,圓鼎藥局,藥師自營,   -,,臺北業務組,藥局,,,2019/09/23,,
5911010159,隆德藥局,藥劑生自營,   -,,臺北業務組,藥局,,,2018/05/21,,
5911011423,義一啄木鳥藥局,藥師自營,   -,,臺北業務組,藥局,,,2019/09/05,,
5911011503,雙鶴藥局,藥師自營,   -,,臺北業務組,藥局,,,2018/11/19,,
5911011558,百福義一藥師藥局,藥師自營,   -,,臺北業務組,藥局,,,2018/12/28,,
5911011567,雙鶴藥局,藥師自營,   -,,臺北業務組,藥局,,,2019/05/08,,
5911020011,大福藥局,藥劑生自營,   -,,臺北業務組,藥局,,,2017/06/24,,
5911020137,國泰藥局,藥師自營,   -,,臺北業務組,藥局,,,2019/04/24,,
5911021367,雅登藥局,藥師自營,   -,,臺北業務組,藥局,,,2019/04/25,,
5911031247,安安藥局,藥劑生自營,   -,,臺北業務組,藥局,,,2020/01/03,,
5911040031,中一藥局,藥師自營,   -,,臺北業務組,藥局,,,2017/08/14,,
5911041814,祥新藥局,藥師自營,   -,,臺北業務組,藥局,,,2017/06/03,,
5911041850,天康大藥局,藥師自營,   -,,臺北業務組,藥局,,,2017/01/06,,
5911041869,捷登藥局,藥師自營,   -,,臺北業務組,藥局,,,2017/05/01,,
5911041887,捷登藥局,藥師自營,   -,,臺北業務組,藥局,,,2019/05/31,,
5911041896,祥新藥局,藥師自營,   -,,臺北業務組,藥局,,,2019/03/25,,
5911041912,慧海藥局,藥師自營,   -,,臺北業務組,藥局,,,2019/02/11,,
5911051374,外木山藥局,藥師自營,   -,,臺北業務組,藥局,,,2017/05/01,,
5911051383,宏海藥局,藥劑生自營,   -,,臺北業務組,藥局,,,2018/03/01,,
5911051418,仁登藥局,藥師自營,   -,,臺北業務組,藥局,,,2018/06/04,,
5911051436,百福安一藥局,藥師自營,   -,,臺北業務組,藥局,,,2019/08/01,,
5911051445,外木山藥局,藥師自營,   -,,臺北業務組,藥局,,,2017/09/06,,
5911051454,外木山藥局,藥師自營,   -,,臺北業務組,藥局,,,2018/04/11,,
5911061325,福安藥局,藥師自營,   -,,臺北業務組,藥局,,,2019/02/19,,
5911071545,元登藥局,藥師自營,   -,,臺北業務組,藥局,,,2017/07/07,,
5911071554,心禾藥局,藥師自營,   -,,臺北業務組,藥局,,,2018/01/19,,
5931010299,宏吉藥局,藥劑生自營,   -,,臺北業務組,藥局,,,2018/03/12,,
5931010904,民眾藥局,藥師自營,   -,,臺北業務組,藥局,,,2017/01/04,,
5931011278,新埔藥局,藥師自營,   -,,臺北業務組,藥局,,,2018/06/08,,
5931014840,瑞芳藥局,藥師自營,   -,,臺北業務組,藥局,,,2017/01/03,,
5931015196,同盈藥師藥局,藥師自營,   -,,臺北業務組,藥局,,,2017/11/21,,
5931015338,軒源藥局,藥師自營,   -,,臺北業務組,藥局,,,2018/09/11,,
5931015392,麥田健保藥局,藥師自營,   -,,臺北業務組,藥局,,,2017/03/15,,
5931015552,快樂藥局漢生店,藥師自營,   -,,臺北業務組,藥局,,,2017/12/27,,
5931015810,辰陽藥局,藥師自營,   -,,臺北業務組,藥局,,,2018/02/01,,
5931016228,杏文藥局,藥師自營,   -,,臺北業務組,藥局,,,2017/02/16,,
5931016246,和安藥局,藥師自營,   -,,臺北業務組,藥局,,,2017/05/02,,
5931016264,躍獅國慶藥局,藥師自營,   -,,臺北業務組,藥局,,,2018/07/31,,
5931016362,濟安堂藥局,藥師自營,   -,,臺北業務組,藥局,,,2018/12/03,,
5931016380,樂心藥局,藥師自營,   -,,臺北業務組,藥局,,,2019/10/18,,
5931016399,台安藥局,藥師自營,   -,,臺北業務組,藥局,,,2017/06/21,,
5931016415,永欣藥師藥局,藥師自營,   -,,臺北業務組,藥局,,,2017/01/10,,
5931016442,板橋中山藥局,藥師自營,   -,,臺北業務組,藥局,,,2017/02/24,,
5931016488,板橋大樹藥局,藥師自營,   -,,臺北業務組,藥局,,,2018/06/27,,
5931016497,金弘藥局,藥師自營,   -,,臺北業務組,藥局,,,2017/09/22,,
5931016559,埔全藥局,藥師自營,   -,,臺北業務組,藥局,,,2019/08/30,,
5931016728,僑一藥局,藥師自營,   -,,臺北業務組,藥局,,,2018/12/10,,
5931016746,大川藥局,藥師自營,   -,,臺北業務組,藥局,,,2018/06/01,,
5931016764,躍獅莒光藥局,藥師自營,   -,,臺北業務組,藥局,,,2017/06/13,,
5931016782,光澤醫美藥局,藥師自營,   -,,臺北業務組,藥局,,,2019/01/24,,
5931016835,元賀大藥局,藥師自營,   -,,臺北業務組,藥局,,,2018/12/21,,
5931016844,振昌藥局,藥師自營,   -,,臺北業務組,藥局,,,2017/08/10,,
5931016862,樂多藥局,藥師自營,   -,,臺北業務組,藥局,,,2018/08/03,,
5931016871,福澤藥局,藥師自營,   -,,臺北業務組,藥局,,,2018/05/15,,
5931016933,晴光藥局,藥師自營,   -,,臺北業務組,藥局,,,2018/04/11,,
5931016951,迦佰麗藥局,藥師自營,   -,,臺北業務組,藥局,,,2017/02/10,,
5931016979,麗森藥師藥局連鎖麗寶藥局,藥劑生自營,   -,,臺北業務組,藥局,,,2019/04/15,,
5931016988,大楓藥師藥局,藥師自營,   -,,臺北業務組,藥局,,,2017/09/30,,
5931016997,福安藥局,藥師自營,   -,,臺北業務組,藥局,,,2019/08/01,,
5931017074,麥田健保藥局,藥師自營,   -,,臺北業務組,藥局,,,2019/03/18,,
5931017118,台安藥局,藥師自營,   -,,臺北業務組,藥局,,,2018/08/22,,
5931017145,振昌藥局,藥師自營,   -,,臺北業務組,藥局,,,2018/04/16,,
5931017154,大楓藥師藥局,藥師自營,   -,,臺北業務組,藥局,,,2018/07/31,,
5931017225,吉發藥局,藥師自營,   -,,臺北業務組,藥局,,,2019/06/10,,
5931017234,福澤藥局,藥師自營,   -,,臺北業務組,藥局,,,2018/07/04,,
5931017252,新埔健保藥局,藥師自營,   -,,臺北業務組,藥局,,,2019/12/31,,
5931017350,德春藥局,藥師自營,   -,,臺北業務組,藥局,,,2018/12/04,,
5931017378,全聯板橋大觀藥局,藥師自營,   -,,臺北業務組,藥局,,,2019/04/03,,
5931017412,欣心藥局,藥師自營,   -,,臺北業務組,藥局,,,2019/06/24,,
5931017421,福澤館前藥局,藥師自營,   -,,臺北業務組,藥局,,,2019/08/07,,
5931017485,福安藥局,藥師自營,   -,,臺北業務組,藥局,,,2019/10/21,,
5931020277,三山大藥局,藥師自營,   -,,臺北業務組,藥局,,,2018/01/31,,
5931020339,欣欣藥局,藥師自營,   -,,臺北業務組,藥局,,,2019/03/18,,
5931020384,匯豐藥局,藥師自營,   -,,臺北業務組,藥局,,,2019/04/23,,
5931020535,聖泰藥局,藥劑生自營,   -,,臺北業務組,藥局,,,2017/03/10,,
5931022922,昌誠藥局,藥師自營,   -,,臺北業務組,藥局,,,2017/08/01,,
5931023876,上好藥局,藥師自營,   -,,臺北業務組,藥局,,,2018/11/09,,
5931023947,伍華藥局,藥劑生自營,   -,,臺北業務組,藥局,,,2017/06/01,,
5931024051,德心藥局,藥劑生自營,   -,,臺北業務組,藥局,,,2018/05/02,,
5931024220,祥順藥局,藥師自營,   -,,臺北業務組,藥局,,,2019/04/10,,
5931024775,臻曜藥局,藥師自營,   -,,臺北業務組,藥局,,,2018/04/13,,
5931024855,閎安藥局,藥師自營,   -,,臺北業務組,藥局,,,2018/11/15,,
5931024953,永福藥局,藥師自營,   -,,臺北業務組,藥局,,,2018/03/06,,
5931025003,徐匯藥局,藥師自營,   -,,臺北業務組,藥局,,,2018/05/21,,
5931025021,光興藥局,藥師自營,   -,,臺北業務組,藥局,,,2017/05/02,,
5931025058,益成藥局,藥師自營,   -,,臺北業務組,藥局,,,2017/04/07,,
5931025067,欣悅藥局,藥師自營,   -,,臺北業務組,藥局,,,2017/04/24,,
5931025085,利民藥局,藥師自營,   -,,臺北業務組,藥局,,,2017/08/25,,
5931025094,元力藥局,藥師自營,   -,,臺北業務組,藥局,,,2017/08/15,,
5931025156,大樹三重藥局,藥師自營,   -,,臺北業務組,藥局,,,2018/03/02,,
5931025218,宏原藥局,藥師自營,   -,,臺北業務組,藥局,,,2019/06/05,,
5931025227,五華春天生活藥局,藥師自營,   -,,臺北業務組,藥局,,,2017/06/06,,
5931025316,益成藥局,藥師自營,   -,,臺北業務組,藥局,,,2017/05/02,,
5931025334,吉康健保藥局,藥師自營,   -,,臺北業務組,藥局,,,2018/09/03,,
5931025389,五華春天生活藥局,藥師自營,   -,,臺北業務組,藥局,,,2018/05/11,,
5931025423,元力藥局,藥師自營,   -,,臺北業務組,藥局,,,2019/08/30,,
5931025450,德立藥局,藥師自營,   -,,臺北業務組,藥局,,,2018/03/01,,
5931025469,大樹三重藥局,藥師自營,   -,,臺北業務組,藥局,,,2019/04/01,,
5931025496,藥比健保藥局,藥師自營,   -,,臺北業務組,藥局,,,2018/10/18,,
5931025512,五華春天生活藥局,藥師自營,   -,,臺北業務組,藥局,,,2018/07/04,,
5931025530,五華春天生活藥局,藥師自營,   -,,臺北業務組,藥局,,,2019/04/01,,
5931025594,躍獅欣欣藥局,藥師自營,   -,,臺北業務組,藥局,,,2019/09/11,,
5931025629,五華春天生活藥局,藥師自營,   -,,臺北業務組,藥局,,,2019/09/02,,
5931025674,仁美藥局,藥師自營,   -,,臺北業務組,藥局,,,2019/08/30,,
5931033292,柏愛藥局,藥師自營,   -,,臺北業務組,藥局,,,2018/01/02,,
5931033318,傳寶藥局,藥師自營,   -,,臺北業務組,藥局,,,2017/01/04,,
5931033425,台化藥局,藥師自營,   -,,臺北業務組,藥局,,,2017/07/10,,
5931033489,德美藥局,藥師自營,   -,,臺北業務組,藥局,,,2018/10/01,,
5931033550,欣安大藥局,藥師自營,   -,,臺北業務組,藥局,,,2018/01/05,,
5931033587,康杏安藥局,藥師自營,   -,,臺北業務組,藥局,,,2017/06/14,,
5931033612,澄品藥局,藥師自營,   -,,臺北業務組,藥局,,,2017/12/19,,
5931033667,富士山藥局,藥師自營,   -,,臺北業務組,藥局,,,2018/04/25,,
5931033685,崇恩藥局,藥師自營,   -,,臺北業務組,藥局,,,2019/07/04,,
5931033729,永和大樹藥局,藥師自營,   -,,臺北業務組,藥局,,,2019/10/09,,
5931033747,嘉祐藥局,藥師自營,   -,,臺北業務組,藥局,,,2017/07/10,,
5931033765,康杏安藥局,藥師自營,   -,,臺北業務組,藥局,,,2017/11/23,,
5931033818,明威健保藥局,藥師自營,   -,,臺北業務組,藥局,,,2018/05/09,,
5931033827,康杏安藥局,藥師自營,   -,,臺北業務組,藥局,,,2018/07/05,,
5931033836,澄品藥局,藥師自營,   -,,臺北業務組,藥局,,,2019/10/09,,
5931033845,康和藥局,藥師自營,   -,,臺北業務組,藥局,,,2019/03/26,,
5931041016,大竹藥局,藥師自營,   -,,臺北業務組,藥局,,,2017/12/19,,
5931043270,辰心藥局,藥師自營,   -,,臺北業務組,藥局,,,2017/02/03,,
5931043556,威宏藥局,藥師自營,   -,,臺北業務組,藥局,,,2019/06/17,,
5931043878,三華藥局,藥劑生自營,   -,,臺北業務組,藥局,,,2017/09/30,,
5931043994,裕昌藥局,藥師自營,   -,,臺北業務組,藥局,,,2017/06/30,,
5931044062,廣元藥局,藥師自營,   -,,臺北業務組,藥局,,,2017/07/27,,
5931044115,心樂藥局,藥劑生自營,   -,,臺北業務組,藥局,,,2018/09/20,,
5931044455,惠民藥局,藥劑生自營,   -,,臺北業務組,藥局,,,2017/04/12,,
5931044526,中和丁丁藥局,藥師自營,   -,,臺北業務組,藥局,,,2017/03/08,,
5931044544,皇秦大藥局,藥師自營,   -,,臺北業務組,藥局,,,2017/11/02,,
5931044553,坤暉藥局,藥劑生自營,   -,,臺北業務組,藥局,,,2017/08/09,,
5931044562,朝安藥局,藥師自營,   -,,臺北業務組,藥局,,,2018/07/02,,
5931044633,景安藥局,藥師自營,   -,,臺北業務組,藥局,,,2017/07/20,,
5931044651,榮菖藥局,藥師自營,   -,,臺北業務組,藥局,,,2019/10/14,,
5931044697,中和藥局,藥師自營,   -,,臺北業務組,藥局,,,2018/03/12,,
5931044731,景安藥局,藥師自營,   -,,臺北業務組,藥局,,,2018/05/17,,
5931044759,中和丁丁藥局,藥師自營,   -,,臺北業務組,藥局,,,2018/03/23,,
5931044777,薇妮藥妝藥局景安店,藥師自營,   -,,臺北業務組,藥局,,,2017/11/03,,
5931044811,薇妮藥妝藥局景安店,藥師自營,   -,,臺北業務組,藥局,,,2018/06/20,,
5931044857,禾昌藥局,藥師自營,   -,,臺北業務組,藥局,,,2019/05/09,,
5931044893,健康力藥局,藥師自營,   -,,臺北業務組,藥局,,,2018/08/21,,
5931044900,健康力藥局,藥師自營,   -,,臺北業務組,藥局,,,2019/11/22,,
5931044919,全聯中和南勢角藥局,藥師自營,   -,,臺北業務組,藥局,,,2019/03/11,,
5931044964,曜群藥局,藥師自營,   -,,臺北業務組,藥局,,,2019/05/13,,
5931045005,禾昌藥局,藥師自營,   -,,臺北業務組,藥局,,,2019/11/20,,
5931050533,全安藥局,藥師自營,   -,,臺北業務組,藥局,,,2018/01/02,,
5931051629,實安藥局,藥師自營,   -,,臺北業務組,藥局,,,2017/01/10,,
5931051923,巧新藥局,藥劑生自營,   -,,臺北業務組,藥局,,,2018/03/21,,
5931051969,雲祥大藥局,藥師自營,   -,,臺北業務組,藥局,,,2018/05/03,,
5931052028,慧之安藥局,藥劑生自營,   -,,臺北業務組,藥局,,,2018/03/07,,
5931052331,威樺藥局,藥師自營,   -,,臺北業務組,藥局,,,2019/04/26,,
5931052626,康曜藥師藥局,藥師自營,   -,,臺北業務組,藥局,,,2017/10/03,,
5931052662,康宜庭市公所藥局,藥師自營,   -,,臺北業務組,藥局,,,2018/01/17,,
5931052671,敦臨藥局,藥師自營,   -,,臺北業務組,藥局,,,2017/06/15,,
5931052742,仁心藥局,藥師自營,   -,,臺北業務組,藥局,,,2019/02/19,,
5931052813,唯客優藥局,藥師自營,   -,,臺北業務組,藥局,,,2017/09/25,,
5931052859,康宜庭碧潭藥局,藥師自營,   -,,臺北業務組,藥局,,,2019/08/05,,
5931052902,耕莘健康人生藥局,藥師自營,   -,,臺北業務組,藥局,,,2018/04/11,,
5931052939,佳泰藥局,藥師自營,   -,,臺北業務組,藥局,,,2017/10/30,,
5931052948,良康藥局,藥師自營,   -,,臺北業務組,藥局,,,2017/09/18,,
5931052957,昶青安坑藥局,藥師自營,   -,,臺北業務組,藥局,,,2017/03/31,,
5931052975,玫瑰健保藥局,藥師自營,   -,,臺北業務組,藥局,,,2017/09/22,,
5931060191,一心藥局,藥師自營,   -,,臺北業務組,藥局,,,2017/05/03,,
5931060404,宏昌藥局,藥劑生自營,   -,,臺北業務組,藥局,,,2019/09/23,,
5931067690,大林藥局,藥師自營,   -,,臺北業務組,藥局,,,2018/03/21,,
5931068393,新川藥局,藥劑生自營,   -,,臺北業務組,藥局,,,2018/11/09,,
5931068517,新莊大藥局,藥師自營,   -,,臺北業務組,藥局,,,2019/10/08,,
5931068553,晉成藥局,藥師自營,   -,,臺北業務組,藥局,,,2019/04/01,,
5931068606,宏福藥局,藥劑生自營,   -,,臺北業務組,藥局,,,2018/05/02,,
5931068855,元朗藥局,藥師自營,   -,,臺北業務組,藥局,,,2017/02/06,,
5931069354,家嘉藥局,藥劑生自營,   -,,臺北業務組,藥局,,,2018/01/03,,
5931069452,可樂藥局,藥師自營,   -,,臺北業務組,藥局,,,2019/04/23,,
5931069694,新佑康健保藥局,藥師自營,   -,,臺北業務組,藥局,,,2018/09/07,,
5931069710,喜悅藥局,藥師自營,   -,,臺北業務組,藥局,,,2017/01/09,,
5931069890,紫竹藥師藥局,藥師自營,   -,,臺北業務組,藥局,,,2018/03/16,,
5931069925,臻善美藥局,藥師自營,   -,,臺北業務組,藥局,,,2017/04/28,,
5931069952,德翰藥局,藥師自營,   -,,臺北業務組,藥局,,,2018/11/06,,
593106A119,北安藥妝健康廣場佳康藥局,藥師自營,   -,,臺北業務組,藥局,,,2018/09/28,,
593106A146,天仁大藥局,藥師自營,   -,,臺北業務組,藥局,,,2017/11/16,,
593106A253,藥之道中西藥局,藥師自營,   -,,臺北業務組,藥局,,,2018/08/02,,
593106A271,睿康健保藥局,藥師自營,   -,,臺北業務組,藥局,,,2017/05/02,,
593106A315,洋欣藥局,藥師自營,   -,,臺北業務組,藥局,,,2017/05/05,,
593106A360,躍獅新豐藥局,藥師自營,   -,,臺北業務組,藥局,,,2017/01/24,,
593106A413,新莊至誠藥局,藥師自營,   -,,臺北業務組,藥局,,,2019/03/06,,
593106A431,大樹幸福藥局,藥師自營,   -,,臺北業務組,藥局,,,2018/05/02,,
593106A440,薇妮藥妝藥局,藥師自營,   -,,臺北業務組,藥局,,,2017/11/20,,
593106A459,鼎極藥局,藥師自營,   -,,臺北業務組,藥局,,,2017/04/20,,
593106A468,大樹新莊藥局,藥師自營,   -,,臺北業務組,藥局,,,2018/04/12,,
593106A486,躍獅新豐藥局,藥師自營,   -,,臺北業務組,藥局,,,2019/03/05,,
593106A495,化成藥局,藥師自營,   -,,臺北業務組,藥局,,,2018/03/12,,
593106A502,鼎極藥局,藥師自營,   -,,臺北業務組,藥局,,,2019/01/17,,
593106A539,一心春天藥局,藥師自營,   -,,臺北業務組,藥局,,,2017/06/22,,
593106A548,睿康健保藥局,藥師自營,   -,,臺北業務組,藥局,,,2017/07/10,,
593106A557,洋欣藥局,藥師自營,   -,,臺北業務組,藥局,,,2019/04/11,,
593106A593,睿康健保藥局,藥師自營,   -,,臺北業務組,藥局,,,2018/03/07,,
593106A673,新康健保藥局,藥劑生自營,   -,,臺北業務組,藥局,,,2018/08/17,,
593106A682,全聯輔大藥局,藥師自營,   -,,臺北業務組,藥局,,,2018/09/11,,
593106A780,全聯輔大藥局,藥師自營,   -,,臺北業務組,藥局,,,2019/03/28,,
593106A799,陽光豐年藥局,藥師自營,   -,,臺北業務組,藥局,,,2019/04/01,,
593106A815,德翰藥局,藥師自營,   -,,臺北業務組,藥局,,,2019/04/25,,
593106A879,樂福藥局,藥師自營,   -,,臺北業務組,藥局,,,2019/10/02,,
5931071667,佑荔藥局,藥劑生自營,   -,,臺北業務組,藥局,,,2017/12/20,,
5931071765,三和藥局,藥劑生自營,   -,,臺北業務組,藥局,,,2017/01/18,,
5931072011,健康人生藥局,藥師自營,   -,,臺北業務組,藥局,,,2019/06/24,,
5931072182,佑鄰藥局,藥劑生自營,   -,,臺北業務組,藥局,,,2017/09/07,,
5931072235,誠新大藥局,藥劑生自營,   -,,臺北業務組,藥局,,,2018/05/21,,
5931072315,愛立康藥局,藥師自營,   -,,臺北業務組,藥局,,,2017/12/15,,
5931072324,樹林大樹藥局,藥師自營,   -,,臺北業務組,藥局,,,2017/06/23,,
5931072333,信和藥局,藥師自營,   -,,臺北業務組,藥局,,,2018/03/19,,
5931072342,樹林大樹藥局,藥師自營,   -,,臺北業務組,藥局,,,2018/12/27,,
5931072360,三樹食在好藥局,藥師自營,   -,,臺北業務組,藥局,,,2018/08/30,,
5931072397,信和藥局,藥師自營,   -,,臺北業務組,藥局,,,2019/10/17,,
5931072440,星禾藥師藥局,藥師自營,   -,,臺北業務組,藥局,,,2019/11/06,,
5931081467,鶯歌藥局,藥師自營,   -,,臺北業務組,藥局,,,2018/11/08,,
5931081476,鶯歌藥局,藥師自營,   -,,臺北業務組,藥局,,,2019/07/03,,
5931091392,一大藥局,藥劑生自營,   -,,臺北業務組,藥局,,,2019/05/01,,
5931091552,欣美大藥局,藥劑生自營,   -,,臺北業務組,藥局,,,2018/06/01,,
5931091598,三峽大昌藥局,藥師自營,   -,,臺北業務組,藥局,,,2018/04/02,,
5931091632,大家好藥粧藥局,藥師自營,   -,,臺北業務組,藥局,,,2018/05/17,,
5931091767,惠慈藥局,藥劑生自營,   -,,臺北業務組,藥局,,,2019/10/31,,
5931091801,升威藥局,藥師自營,   -,,臺北業務組,藥局,,,2019/12/23,,
5931091883,悅兒藥局,藥師自營,   -,,臺北業務組,藥局,,,2017/07/26,,
5931091918,益銘藥師藥局,藥師自營,   -,,臺北業務組,藥局,,,2019/06/21,,
5931091927,中園藥局,藥師自營,   -,,臺北業務組,藥局,,,2018/03/19,,
5931091936,悅兒藥局,藥劑生自營,   -,,臺北業務組,藥局,,,2018/04/02,,
5931091963,中園藥局,藥師自營,   -,,臺北業務組,藥局,,,2018/08/29,,
5931092013,中園藥局,藥劑生自營,   -,,臺北業務組,藥局,,,2019/01/15,,
5931092086,禾雅藥局,藥師自營,   -,,臺北業務組,藥局,,,2019/11/22,,
5931101713,貝比爾藥局,藥師自營,   -,,臺北業務組,藥局,,,2017/04/10,,
5931101900,淡水健康人生藥局,藥師自營,   -,,臺北業務組,藥局,,,2018/01/04,,
5931102112,天康大藥局,藥師自營,   -,,臺北業務組,藥局,,,2017/09/06,,
5931102130,竹圍春天生活藥局,藥師自營,   -,,臺北業務組,藥局,,,2017/04/10,,
5931102149,竹圍春天生活藥局,藥師自營,   -,,臺北業務組,藥局,,,2018/05/01,,
5931102158,貝比爾藥局,藥劑生自營,   -,,臺北業務組,藥局,,,2018/04/10,,
5931102238,竹圍春天生活藥局,藥師自營,   -,,臺北業務組,藥局,,,2018/10/30,,
5931102247,辰浤藥局,藥師自營,   -,,臺北業務組,藥局,,,2019/06/17,,
5931102256,全聯淡水淡大藥局,藥師自營,   -,,臺北業務組,藥局,,,2019/04/26,,
5931102283,躍獅學府藥局,藥師自營,   -,,臺北業務組,藥局,,,2019/11/27,,
5931110409,高登藥局,藥師自營,   -,,臺北業務組,藥局,,,2017/08/15,,
5931112092,秀峰藥局,藥劑生自營,   -,,臺北業務組,藥局,,,2018/07/17,,
5931112118,汐止仁德藥局,藥劑生自營,   -,,臺北業務組,藥局,,,2018/06/25,,
5931112323,永康中西綜合藥局,藥師自營,   -,,臺北業務組,藥局,,,2019/03/11,,
5931112458,健昇藥局,藥劑生自營,   -,,臺北業務組,藥局,,,2017/07/25,,
5931112529,好醫生活藥局,藥劑生自營,   -,,臺北業務組,藥局,,,2018/09/03,,
5931112574,悅康藥局,藥師自營,   -,,臺北業務組,藥局,,,2017/08/08,,
5931112627,萌峰生活藥局,藥師自營,   -,,臺北業務組,藥局,,,2017/06/01,,
5931112654,快樂藥局汐止店,藥師自營,   -,,臺北業務組,藥局,,,2019/02/18,,
5931112663,蒲公英藥局,藥師自營,   -,,臺北業務組,藥局,,,2019/10/17,,
5931112672,伯佑藥局,藥師自營,   -,,臺北業務組,藥局,,,2017/02/09,,
5931112707,躍獅大同藥局,藥師自營,   -,,臺北業務組,藥局,,,2017/03/14,,
5931112725,博昱明峰大藥局,藥師自營,   -,,臺北業務組,藥局,,,2018/11/06,,
5931112734,富康藥局,藥師自營,   -,,臺北業務組,藥局,,,2017/01/10,,
5931112752,富康藥局,藥師自營,   -,,臺北業務組,藥局,,,2018/01/11,,
5931112770,躍獅大同藥局,藥師自營,   -,,臺北業務組,藥局,,,2017/11/23,,
5931112841,永清藥局,藥師自營,   -,,臺北業務組,藥局,,,2018/01/23,,
5931112869,汐止藥局,藥師自營,   -,,臺北業務組,藥局,,,2019/09/16,,
5931112878,富康藥局,藥師自營,   -,,臺北業務組,藥局,,,2018/07/10,,
5931112930,全聯汐止龍安藥局,藥師自營,   -,,臺北業務組,藥局,,,2019/04/25,,
5931112985,車站藥局,藥師自營,   -,,臺北業務組,藥局,,,2019/12/02,,
5931120012,長興堂藥局,藥劑生自營,   -,,臺北業務組,藥局,,,2017/02/16,,
5931121206,伊達藥局,藥劑生自營,   -,,臺北業務組,藥局,,,2019/02/19,,
5931121368,永展藥局,藥師自營,   -,,臺北業務組,藥局,,,2018/12/17,,
5931121395,瑞慶藥局,藥劑生自營,   -,,臺北業務組,藥局,,,2017/01/04,,
5931121439,伊達藥局,藥師自營,   -,,臺北業務組,藥局,,,2019/06/25,,
5931131640,志仁藥局,藥師自營,   -,,臺北業務組,藥局,,,2019/01/22,,
5931132665,埔銓藥局,藥師自營,   -,,臺北業務組,藥局,,,2019/10/31,,
5931132745,振鑫中西藥局,藥師自營,   -,,臺北業務組,藥局,,,2019/07/08,,
5931132772,延和藥局,藥師自營,   -,,臺北業務組,藥局,,,2017/08/23,,
5931132889,活力藥局,藥師自營,   -,,臺北業務組,藥局,,,2019/05/27,,
5931133117,裕生藥局,藥劑生自營,   -,,臺北業務組,藥局,,,2019/04/09,,
5931133233,優嘉藥師連鎖藥局,藥師自營,   -,,臺北業務組,藥局,,,2017/01/18,,
5931133242,順儷金城藥局,藥師自營,   -,,臺北業務組,藥局,,,2017/05/31,,
5931133251,順儷學府藥局,藥師自營,   -,,臺北業務組,藥局,,,2019/06/11,,
5931133260,土城金城藥局,藥師自營,   -,,臺北業務組,藥局,,,2019/05/16,,
5931133297,博盛健保藥局,藥師自營,   -,,臺北業務組,藥局,,,2019/04/15,,
5931133304,裕民藥局,藥師自營,   -,,臺北業務組,藥局,,,2018/12/24,,
5931133322,祥豪大藥局,藥師自營,   -,,臺北業務組,藥局,,,2017/04/28,,
5931133368,宏林藥局,藥師自營,   -,,臺北業務組,藥局,,,2017/03/07,,
5931133386,宏林藥局,藥師自營,   -,,臺北業務組,藥局,,,2018/01/02,,
5931133402,永福藥局,藥師自營,   -,,臺北業務組,藥局,,,2020/01/15,,
5931133411,全聯土城金城藥局,藥師自營,   -,,臺北業務組,藥局,,,2019/04/29,,
5931133420,全聯土城裕民藥局,藥師自營,   -,,臺北業務組,藥局,,,2019/04/08,,
5931133448,裕生藥局,藥師自營,   -,,臺北業務組,藥局,,,2019/12/18,,
5931141511,成安藥局,藥劑生自營,   -,,臺北業務組,藥局,,,2019/01/03,,
5931141646,百分百藥局,藥師自營,   -,,臺北業務組,藥局,,,2018/05/02,,
5931141897,快樂藥局長榮店,藥師自營,   -,,臺北業務組,藥局,,,2017/12/19,,
5931142278,愛佳健保藥局,藥師自營,   -,,臺北業務組,藥局,,,2017/07/18,,
5931142465,宥安藥局,藥師自營,   -,,臺北業務組,藥局,,,2019/08/30,,
5931142492,吉安藥局,藥劑生自營,   -,,臺北業務組,藥局,,,2019/12/04,,
5931142590,安而健藥局,藥師自營,   -,,臺北業務組,藥局,,,2017/10/25,,
5931142616,華粲藥局,藥師自營,   -,,臺北業務組,藥局,,,2018/04/02,,
5931142625,康得健藥局,藥師自營,   -,,臺北業務組,藥局,,,2018/08/28,,
5931142689,微笑杏鄰藥局,藥師自營,   -,,臺北業務組,藥局,,,2017/01/03,,
5931142698,躍獅蘆洲藥局,藥師自營,   -,,臺北業務組,藥局,,,2019/03/26,,
5931142705,廣英藥師藥局,藥師自營,   -,,臺北業務組,藥局,,,2017/12/29,,
5931142750,信義萊康藥局,藥師自營,   -,,臺北業務組,藥局,,,2018/06/29,,
5931142803,樂得健藥局,藥師自營,   -,,臺北業務組,藥局,,,2017/01/10,,
5931142812,微笑杏鄰藥局,藥師自營,   -,,臺北業務組,藥局,,,2017/07/28,,
5931142867,微笑杏鄰藥局,藥師自營,   -,,臺北業務組,藥局,,,2018/12/25,,
5931142885,佳福健保藥局,藥師自營,   -,,臺北業務組,藥局,,,2018/02/01,,
5931142894,喜得健藥局,藥師自營,   -,,臺北業務組,藥局,,,2019/07/18,,
5931142929,佳福健保藥局,藥師自營,   -,,臺北業務組,藥局,,,2018/05/11,,
5931142938,柏康藥局,藥師自營,   -,,臺北業務組,藥局,,,2019/03/04,,
5931142947,大樹蘆洲藥局,藥師自營,   -,,臺北業務組,藥局,,,2019/10/23,,
5931142992,新信義藥局,藥師自營,   -,,臺北業務組,藥局,,,2019/06/03,,
5931143079,柏康藥局,藥師自營,   -,,臺北業務組,藥局,,,2019/12/26,,
5931151268,東興藥局,藥劑生自營,   -,,臺北業務組,藥局,,,2017/05/15,,
5931151517,祐康藥師藥局,藥師自營,   -,,臺北業務組,藥局,,,2017/04/05,,
5931151553,立豪藥師藥局,藥師自營,   -,,臺北業務組,藥局,,,2019/03/29,,
5931161362,苗園健保特約藥局,藥師自營,   -,,臺北業務組,藥局,,,2017/04/11,,
5931161415,得安藥師藥局,藥師自營,   -,,臺北業務組,藥局,,,2019/09/03,,
5931161479,康園藥局,藥師自營,   -,,臺北業務組,藥局,,,2017/04/28,,
5931161497,苗園健保特約藥局,藥師自營,   -,,臺北業務組,藥局,,,2018/10/01,,
5931161504,瑞峰藥局,藥師自營,   -,,臺北業務組,藥局,,,2020/01/03,,
5931161531,得安藥師藥局,藥劑生自營,   -,,臺北業務組,藥局,,,2019/10/30,,
5931171626,榮新藥局,藥師自營,   -,,臺北業務組,藥局,,,2018/04/18,,
5931171635,林康藥局,藥師自營,   -,,臺北業務組,藥局,,,2018/06/21,,
5931171653,普生藥局,藥師自營,   -,,臺北業務組,藥局,,,2019/10/02,,
5931171699,泰臨中西藥局,藥師自營,   -,,臺北業務組,藥局,,,2019/12/31,,
5931181220,福康藥粧藥局,藥師自營,   -,,臺北業務組,藥局,,,2019/08/20,,
5931231163,寶格麗藥局,藥劑生自營,   -,,臺北業務組,藥局,,,2018/11/28,,
5931231234,逸華藥局,藥師自營,   -,,臺北業務組,藥局,,,2019/09/04,,
5931231243,天康八里藥局,藥師自營,   -,,臺北業務組,藥局,,,2017/07/14,,
5931231252,天康八里藥局,藥師自營,   -,,臺北業務組,藥局,,,2019/03/28,,
5931231261,寶格麗藥局,藥師自營,   -,,臺北業務組,藥局,,,2019/02/20,,
5931231270,寶格麗藥局,藥劑生自營,   -,,臺北業務組,藥局,,,2019/10/02,,
5931281065,北海岸藥局,藥劑生自營,   -,,臺北業務組,藥局,,,2017/05/15,,
5934011654,三元藥局,藥師自營,   -,,臺北業務組,藥局,,,2017/04/27,,
5934011869,緣心健保藥局,藥劑生自營,   -,,臺北業務組,藥局,,,2017/05/31,,
5934011994,聖心藥局,藥師自營,   -,,臺北業務組,藥局,,,2018/09/30,,
5934012106,品康藥局,藥師自營,   -,,臺北業務組,藥局,,,2018/10/16,,
5934012142,大千藥局,藥師自營,   -,,臺北業務組,藥局,,,2017/04/18,,
5934012151,百合藥局,藥師自營,   -,,臺北業務組,藥局,,,2018/03/31,,
5934012188,神農養生藥局,藥師自營,   -,,臺北業務組,藥局,,,2017/12/01,,
5934012213,健康藥局,藥師自營,   -,,臺北業務組,藥局,,,2017/11/27,,
5934012268,緣心健保藥局,藥師自營,   -,,臺北業務組,藥局,,,2018/07/02,,
5934012277,三林健保藥局,藥師自營,   -,,臺北業務組,藥局,,,2017/09/04,,
5934012311,百合藥局,藥劑生自營,   -,,臺北業務組,藥局,,,2019/02/28,,
5934021838,成功藥局,藥師自營,   -,,臺北業務組,藥局,,,2018/01/01,,
5934021918,羅東啄木鳥藥局,藥師自營,   -,,臺北業務組,藥局,,,2017/02/13,,
5934022004,羅東藥局,藥師自營,   -,,臺北業務組,藥局,,,2019/07/02,,
5934031227,熊本健保藥局,藥師自營,   -,,臺北業務組,藥局,,,2019/10/01,,
5934031236,三元藥局,藥師自營,   -,,臺北業務組,藥局,,,2018/09/26,,
5934040075,杏光藥局,藥師自營,   -,,臺北業務組,藥局,,,2017/08/15,,
5934050071,恩好藥局,藥師自營,   -,,臺北業務組,藥局,,,2019/09/01,,
5934051210,安信藥局,藥師自營,   -,,臺北業務組,藥局,,,2018/03/31,,
5934051256,恩好藥局,藥師自營,   -,,臺北業務組,藥局,,,2020/01/01,,
5934081110,合康藥局,藥劑生自營,   -,,臺北業務組,藥局,,,2017/09/16,,
5934081138,永春藥局,藥師自營,   -,,臺北業務組,藥局,,,2019/05/01,,
5934091107,康寶藥局,藥師自營,   -,,臺北業務組,藥局,,,2018/07/06,,
5934091116,安心藥局,藥師自營,   -,,臺北業務組,藥局,,,2017/04/21,,
5990010560,金城藥師藥局,藥師自營,   -,,臺北業務組,藥局,,,2017/03/06,,
5990010579,康佑藥局,藥師自營,   -,,臺北業務組,藥局,,,2018/03/19,,
5990010588,大森藥局,藥師自營,   -,,臺北業務組,藥局,,,2017/07/06,,
5990010622,百泰藥局,藥師自營,   -,,臺北業務組,藥局,,,2019/03/18,,
5990030035,大山藥局,藥師自營,   -,,臺北業務組,藥局,,,2019/10/01,,
5990040022,金百泰藥局,藥師自營,   -,,臺北業務組,藥局,,,2019/07/09,,
5901163447,天富大藥局,藥師自營,   -,,臺北業務組,藥局,,,2019/06/27,,
5901163456,吉利春天生活藥局,藥師自營,   -,,臺北業務組,藥局,,,2019/12/24,,
5901153414,容育藥局,藥師自營,   -,,臺北業務組,藥局,,,2019/10/16,,
5901153441,德行盛康藥局,藥師自營,   -,,臺北業務組,藥局,,,2017/06/02,,
5901153478,芝山藥局,藥師自營,   -,,臺北業務組,藥局,,,2019/07/29,,
5901153530,前港盛康藥局,藥師自營,   -,,臺北業務組,藥局,,,2017/03/23,,
5901153549,愛佳藥局,藥師自營,   -,,臺北業務組,藥局,,,2017/08/02,,
5901153576,杏一天母藥局,藥師自營,   -,,臺北業務組,藥局,,,2018/03/21,,
5901153594,中山盛康藥局,藥師自營,   -,,臺北業務組,藥局,,,2018/06/12,,
5901180340,仁杏藥局,藥劑生自營,   -,,臺北業務組,藥局,,,2017/03/30,,
5901182264,杭州藥局,藥劑生自營,   -,,臺北業務組,藥局,,,2018/07/27,,
5901183476,凱玲藥局,藥師自營,   -,,臺北業務組,藥局,,,2018/11/28,,
5901183707,安藤健保調劑藥局,藥師自營,   -,,臺北業務組,藥局,,,2018/07/10,,
5901184026,佳音健保藥局,藥師自營,   -,,臺北業務組,藥局,,,2017/08/08,,
5901184099,中力藥局,藥師自營,   -,,臺北業務組,藥局,,,2017/12/26,,
5901184204,晉安健保藥局,藥師自營,   -,,臺北業務組,藥局,,,2017/03/23,,
5901184231,躍獅南門藥局,藥師自營,   -,,臺北業務組,藥局,,,2019/05/06,,
5901184295,北車維康藥局,藥師自營,   -,,臺北業務組,藥局,,,2017/04/25,,
5901184302,躍獅東門藥局,藥師自營,   -,,臺北業務組,藥局,,,2018/04/10,,
5901184320,躍獅南寧藥局,藥師自營,   -,,臺北業務組,藥局,,,2018/09/19,,
5901184339,易昌大藥局,藥劑生自營,   -,,臺北業務組,藥局,,,2018/05/31,,
5901184348,汀海藥局,藥師自營,   -,,臺北業務組,藥局,,,2018/10/25,,
5901184357,北車維康藥局,藥師自營,   -,,臺北業務組,藥局,,,2018/05/01,,
5901184384,中力藥局,藥師自營,   -,,臺北業務組,藥局,,,2018/12/24,,
5901184393,和眾藥局,藥師自營,   -,,臺北業務組,藥局,,,2018/12/06,,
5901184400,躍獅東門藥局,藥師自營,   -,,臺北業務組,藥局,,,2019/03/20,,
5901184419,好心肝藥局,藥師自營,   -,,臺北業務組,藥局,,,2019/08/13,,
5901184482,躍獅東門藥局,藥師自營,   -,,臺北業務組,藥局,,,2019/07/07,,
5901184526,好心肝藥局,藥師自營,   -,,臺北業務組,藥局,,,2019/12/18,,
5901190140,柏祥藥局,藥師自營,   -,,臺北業務組,藥局,,,2018/03/05,,
5901190471,啟仁藥局,藥師自營,   -,,臺北業務組,藥局,,,2019/07/29,,
5901190748,武昌藥局,藥師自營,   -,,臺北業務組,藥局,,,2019/12/10,,
5901192715,安誠貴陽藥局,藥師自營,   -,,臺北業務組,藥局,,,2017/10/22,,
5901192813,富安藥局,藥師自營,   -,,臺北業務組,藥局,,,2017/09/06,,
5901192868,昶青藥局,藥師自營,   -,,臺北業務組,藥局,,,2019/03/06,,
5901192920,千誠藥局,藥師自營,   -,,臺北業務組,藥局,,,2017/07/05,,
5901192948,榮勝藥局,藥師自營,   -,,臺北業務組,藥局,,,2017/09/06,,
5901192957,育恩藥局,藥師自營,   -,,臺北業務組,藥局,,,2018/09/30,,
5901192966,青年宏越藥局,藥師自營,   -,,臺北業務組,藥局,,,2018/08/31,,
5901203311,圓鼎藥局,藥師自營,   -,,臺北業務組,藥局,,,2019/12/06,,
5901192368,小林健保藥局,藥師自營,   -,,臺北業務組,藥局,,,2019/06/04,,
5901192493,宏越藥局,藥師自營,   -,,臺北業務組,藥局,,,2017/05/23,,
